model,rate,seed,channel,mse,mae,nmse,skill,mode
LSTM,0.0,0,water_level,0.011026952771230357,0.08255309267162782,0.04304129201581967,0.019614636354037283,iid
LSTM,0.0,0,air_temp,1.411182226490709,0.847098693655359,0.16408789032647328,0.3788368699234689,iid
LSTM,0.0,0,water_temp,0.7146104295409633,0.6376493496910168,0.09908388289714487,0.7242800644240667,iid
LSTM,0.0,0,air_pressure,2.6318500921821877,1.1926941417941674,0.2097432414081546,0.7524300817212443,iid
LSTM,0.0,0,wind_u,1.9587803930785526,1.071117337861069,0.5281515433797069,0.6695609573919667,iid
LSTM,0.0,0,wind_v,2.0262257052495904,1.0282020094382822,0.49070188335218345,0.36216122082160035,iid
Latent ODE,0.0,0,water_level,0.012830581457288433,0.09186010875147903,0.050081361069826594,0.022822913520784586,iid
Latent ODE,0.0,0,air_temp,2.2593166172642136,1.0831884341289004,0.26270632548167916,0.6065215529102256,iid
Latent ODE,0.0,0,water_temp,1.0027184587582898,0.7201931903344386,0.13903132985371128,1.016286580613115,iid
Latent ODE,0.0,0,air_pressure,2.7434788787848206,1.2213798063038228,0.2186394105349768,0.7843440791314159,iid
Latent ODE,0.0,0,wind_u,2.0860171215253485,1.0918561831042541,0.5624587453208819,0.7130537072761759,iid
Latent ODE,0.0,0,wind_v,3.115264955840103,1.3568700376039318,0.7544403256810396,0.556812677218911,iid
Persistence,0.0,0,water_level,0.5621798218533212,0.5865985743732374,2.1943456528553216,1.0,iid
Persistence,0.0,0,air_temp,3.7250392940259234,1.3286239681712622,0.43313601012388697,1.0,iid
Persistence,0.0,0,water_temp,0.986649315150221,0.6426157306372672,0.13680327233075845,1.0,iid
Persistence,0.0,0,air_pressure,3.497800202460831,1.411351313487844,0.27875446038567475,1.0,iid
Persistence,0.0,0,wind_u,2.9254698492401277,1.30060266143647,0.7888027782219125,1.0,iid
Persistence,0.0,0,wind_v,5.594816862647213,1.712845133311713,1.3549266325063056,1.0,iid
LSTM,0.0,1,water_level,0.011026952771230357,0.08255309267162782,0.04304129201581967,0.019614636354037283,iid
LSTM,0.0,1,air_temp,1.411182226490709,0.847098693655359,0.16408789032647328,0.3788368699234689,iid
LSTM,0.0,1,water_temp,0.7146104295409633,0.6376493496910168,0.09908388289714487,0.7242800644240667,iid
LSTM,0.0,1,air_pressure,2.6318500921821877,1.1926941417941674,0.2097432414081546,0.7524300817212443,iid
LSTM,0.0,1,wind_u,1.9587803930785526,1.071117337861069,0.5281515433797069,0.6695609573919667,iid
LSTM,0.0,1,wind_v,2.0262257052495904,1.0282020094382822,0.49070188335218345,0.36216122082160035,iid
Latent ODE,0.0,1,water_level,0.012830581457288433,0.09186010875147903,0.050081361069826594,0.022822913520784586,iid
Latent ODE,0.0,1,air_temp,2.2593166172642136,1.0831884341289004,0.26270632548167916,0.6065215529102256,iid
Latent ODE,0.0,1,water_temp,1.0027184587582898,0.7201931903344386,0.13903132985371128,1.016286580613115,iid
Latent ODE,0.0,1,air_pressure,2.7434788787848206,1.2213798063038228,0.2186394105349768,0.7843440791314159,iid
Latent ODE,0.0,1,wind_u,2.0860171215253485,1.0918561831042541,0.5624587453208819,0.7130537072761759,iid
Latent ODE,0.0,1,wind_v,3.115264955840103,1.3568700376039318,0.7544403256810396,0.556812677218911,iid
Persistence,0.0,1,water_level,0.5621798218533212,0.5865985743732374,2.1943456528553216,1.0,iid
Persistence,0.0,1,air_temp,3.7250392940259234,1.3286239681712622,0.43313601012388697,1.0,iid
Persistence,0.0,1,water_temp,0.986649315150221,0.6426157306372672,0.13680327233075845,1.0,iid
Persistence,0.0,1,air_pressure,3.497800202460831,1.411351313487844,0.27875446038567475,1.0,iid
Persistence,0.0,1,wind_u,2.9254698492401277,1.30060266143647,0.7888027782219125,1.0,iid
Persistence,0.0,1,wind_v,5.594816862647213,1.712845133311713,1.3549266325063056,1.0,iid
LSTM,0.0,2,water_level,0.011026952771230357,0.08255309267162782,0.04304129201581967,0.019614636354037283,iid
LSTM,0.0,2,air_temp,1.411182226490709,0.847098693655359,0.16408789032647328,0.3788368699234689,iid
LSTM,0.0,2,water_temp,0.7146104295409633,0.6376493496910168,0.09908388289714487,0.7242800644240667,iid
LSTM,0.0,2,air_pressure,2.6318500921821877,1.1926941417941674,0.2097432414081546,0.7524300817212443,iid
LSTM,0.0,2,wind_u,1.9587803930785526,1.071117337861069,0.5281515433797069,0.6695609573919667,iid
LSTM,0.0,2,wind_v,2.0262257052495904,1.0282020094382822,0.49070188335218345,0.36216122082160035,iid
Latent ODE,0.0,2,water_level,0.012830581457288433,0.09186010875147903,0.050081361069826594,0.022822913520784586,iid
Latent ODE,0.0,2,air_temp,2.2593166172642136,1.0831884341289004,0.26270632548167916,0.6065215529102256,iid
Latent ODE,0.0,2,water_temp,1.0027184587582898,0.7201931903344386,0.13903132985371128,1.016286580613115,iid
Latent ODE,0.0,2,air_pressure,2.7434788787848206,1.2213798063038228,0.2186394105349768,0.7843440791314159,iid
Latent ODE,0.0,2,wind_u,2.0860171215253485,1.0918561831042541,0.5624587453208819,0.7130537072761759,iid
Latent ODE,0.0,2,wind_v,3.115264955840103,1.3568700376039318,0.7544403256810396,0.556812677218911,iid
Persistence,0.0,2,water_level,0.5621798218533212,0.5865985743732374,2.1943456528553216,1.0,iid
Persistence,0.0,2,air_temp,3.7250392940259234,1.3286239681712622,0.43313601012388697,1.0,iid
Persistence,0.0,2,water_temp,0.986649315150221,0.6426157306372672,0.13680327233075845,1.0,iid
Persistence,0.0,2,air_pressure,3.497800202460831,1.411351313487844,0.27875446038567475,1.0,iid
Persistence,0.0,2,wind_u,2.9254698492401277,1.30060266143647,0.7888027782219125,1.0,iid
Persistence,0.0,2,wind_v,5.594816862647213,1.712845133311713,1.3549266325063056,1.0,iid
LSTM,0.0,3,water_level,0.011026952771230357,0.08255309267162782,0.04304129201581967,0.019614636354037283,iid
LSTM,0.0,3,air_temp,1.411182226490709,0.847098693655359,0.16408789032647328,0.3788368699234689,iid
LSTM,0.0,3,water_temp,0.7146104295409633,0.6376493496910168,0.09908388289714487,0.7242800644240667,iid
LSTM,0.0,3,air_pressure,2.6318500921821877,1.1926941417941674,0.2097432414081546,0.7524300817212443,iid
LSTM,0.0,3,wind_u,1.9587803930785526,1.071117337861069,0.5281515433797069,0.6695609573919667,iid
LSTM,0.0,3,wind_v,2.0262257052495904,1.0282020094382822,0.49070188335218345,0.36216122082160035,iid
Latent ODE,0.0,3,water_level,0.012830581457288433,0.09186010875147903,0.050081361069826594,0.022822913520784586,iid
Latent ODE,0.0,3,air_temp,2.2593166172642136,1.0831884341289004,0.26270632548167916,0.6065215529102256,iid
Latent ODE,0.0,3,water_temp,1.0027184587582898,0.7201931903344386,0.13903132985371128,1.016286580613115,iid
Latent ODE,0.0,3,air_pressure,2.7434788787848206,1.2213798063038228,0.2186394105349768,0.7843440791314159,iid
Latent ODE,0.0,3,wind_u,2.0860171215253485,1.0918561831042541,0.5624587453208819,0.7130537072761759,iid
Latent ODE,0.0,3,wind_v,3.115264955840103,1.3568700376039318,0.7544403256810396,0.556812677218911,iid
Persistence,0.0,3,water_level,0.5621798218533212,0.5865985743732374,2.1943456528553216,1.0,iid
Persistence,0.0,3,air_temp,3.7250392940259234,1.3286239681712622,0.43313601012388697,1.0,iid
Persistence,0.0,3,water_temp,0.986649315150221,0.6426157306372672,0.13680327233075845,1.0,iid
Persistence,0.0,3,air_pressure,3.497800202460831,1.411351313487844,0.27875446038567475,1.0,iid
Persistence,0.0,3,wind_u,2.9254698492401277,1.30060266143647,0.7888027782219125,1.0,iid
Persistence,0.0,3,wind_v,5.594816862647213,1.712845133311713,1.3549266325063056,1.0,iid
LSTM,0.0,4,water_level,0.011026952771230357,0.08255309267162782,0.04304129201581967,0.019614636354037283,iid
LSTM,0.0,4,air_temp,1.411182226490709,0.847098693655359,0.16408789032647328,0.3788368699234689,iid
LSTM,0.0,4,water_temp,0.7146104295409633,0.6376493496910168,0.09908388289714487,0.7242800644240667,iid
LSTM,0.0,4,air_pressure,2.6318500921821877,1.1926941417941674,0.2097432414081546,0.7524300817212443,iid
LSTM,0.0,4,wind_u,1.9587803930785526,1.071117337861069,0.5281515433797069,0.6695609573919667,iid
LSTM,0.0,4,wind_v,2.0262257052495904,1.0282020094382822,0.49070188335218345,0.36216122082160035,iid
Latent ODE,0.0,4,water_level,0.012830581457288433,0.09186010875147903,0.050081361069826594,0.022822913520784586,iid
Latent ODE,0.0,4,air_temp,2.2593166172642136,1.0831884341289004,0.26270632548167916,0.6065215529102256,iid
Latent ODE,0.0,4,water_temp,1.0027184587582898,0.7201931903344386,0.13903132985371128,1.016286580613115,iid
Latent ODE,0.0,4,air_pressure,2.7434788787848206,1.2213798063038228,0.2186394105349768,0.7843440791314159,iid
Latent ODE,0.0,4,wind_u,2.0860171215253485,1.0918561831042541,0.5624587453208819,0.7130537072761759,iid
Latent ODE,0.0,4,wind_v,3.115264955840103,1.3568700376039318,0.7544403256810396,0.556812677218911,iid
Persistence,0.0,4,water_level,0.5621798218533212,0.5865985743732374,2.1943456528553216,1.0,iid
Persistence,0.0,4,air_temp,3.7250392940259234,1.3286239681712622,0.43313601012388697,1.0,iid
Persistence,0.0,4,water_temp,0.986649315150221,0.6426157306372672,0.13680327233075845,1.0,iid
Persistence,0.0,4,air_pressure,3.497800202460831,1.411351313487844,0.27875446038567475,1.0,iid
Persistence,0.0,4,wind_u,2.9254698492401277,1.30060266143647,0.7888027782219125,1.0,iid
Persistence,0.0,4,wind_v,5.594816862647213,1.712845133311713,1.3549266325063056,1.0,iid
LSTM,0.2,0,water_level,0.009628597582029604,0.07739249779475675,0.037583119183407065,0.017345777561815743,iid
LSTM,0.2,0,air_temp,1.4363041833478145,0.8473393168426366,0.167008993515114,0.39522055665499867,iid
LSTM,0.2,0,water_temp,0.7153421481705938,0.6400548413635451,0.09918533890732169,0.7187441652931765,iid
LSTM,0.2,0,air_pressure,2.5295790360019477,1.165818661307367,0.2015928293124211,0.7091577023184895,iid
LSTM,0.2,0,wind_u,1.9712303693021709,1.0720210858245394,0.5315084659733675,0.6538481193740734,iid
LSTM,0.2,0,wind_v,2.021451934257748,1.0295766827281236,0.4895457937762196,0.35585489822937105,iid
Latent ODE,0.2,0,water_level,0.012994759804974948,0.09238752072282846,0.05072219524696088,0.023409869519004946,iid
Latent ODE,0.2,0,air_temp,2.5247303562689116,1.1673581420411285,0.2935678114608812,0.6947172809053496,iid
Latent ODE,0.2,0,water_temp,1.3595186713935223,0.8501251645921255,0.18850325053241618,1.3659842568624896,iid
Latent ODE,0.2,0,air_pressure,3.7413806398484266,1.4082496224819825,0.2981664134574129,1.0488815966182554,iid
Latent ODE,0.2,0,wind_u,2.2327870863982495,1.117822840043759,0.6020327495039529,0.7406052890312501,iid
Latent ODE,0.2,0,wind_v,3.222349726738621,1.392005477576311,0.7803736156507113,0.5672600543376578,iid
Persistence,0.2,0,water_level,0.5550974897329244,0.5837565267729067,2.1667013225247937,1.0,iid
Persistence,0.2,0,air_temp,3.6341838984899075,1.3147067907502035,0.42257162665984943,1.0,iid
Persistence,0.2,0,water_temp,0.9952667203619038,0.6488365574026159,0.1379981135107565,1.0,iid
Persistence,0.2,0,air_pressure,3.5670190533528032,1.4263197080199144,0.28427080274717764,1.0,iid
Persistence,0.2,0,wind_u,3.0148138549197374,1.3127780870023256,0.8128928572619873,1.0,iid
Persistence,0.2,0,wind_v,5.680551101912314,1.7282817770987997,1.3756893503842578,1.0,iid
LSTM,0.2,1,water_level,0.01006711063543296,0.07928507357712108,0.039294758724797485,0.01803046922337887,iid
LSTM,0.2,1,air_temp,1.4175913409509722,0.845301478481473,0.16483312226810615,0.3770840046738362,iid
LSTM,0.2,1,water_temp,0.718089093272709,0.6405760017877479,0.0995662149421113,0.7424997291445552,iid
LSTM,0.2,1,air_pressure,2.5185495563676144,1.163939429741651,0.20071384353111765,0.7187809183526551,iid
LSTM,0.2,1,wind_u,1.9665527976369779,1.0714775578892646,0.5302472389859163,0.6474217301307552,iid
LSTM,0.2,1,wind_v,2.005512958735376,1.026381364509241,0.4856857670836015,0.35740333535049756,iid
Latent ODE,0.2,1,water_level,0.013317185170422945,0.09337696178325479,0.051980711955562524,0.023851441198254168,iid
Latent ODE,0.2,1,air_temp,2.506163546027969,1.1507848600609116,0.29140892037981614,0.6666478264955013,iid
Latent ODE,0.2,1,water_temp,1.358739815698687,0.8631535602663619,0.18839525876057706,1.4049286566048165,iid
Latent ODE,0.2,1,air_pressure,4.164649897677336,1.4524824835126877,0.331898526995783,1.1885693773630361,iid
Latent ODE,0.2,1,wind_u,2.1786132863109584,1.1041800402487887,0.5874257132951219,0.717235552894453,iid
Latent ODE,0.2,1,wind_v,3.2160737779405384,1.3895125001619506,0.7788537356654448,0.5731379046755339,iid
Persistence,0.2,1,water_level,0.5583388047594252,0.5864463315465144,2.179353084935065,1.0,iid
Persistence,0.2,1,air_temp,3.7593515592822255,1.3363870798201902,0.4371257338551942,1.0,iid
Persistence,0.2,1,water_temp,0.9671237107386288,0.6323263546533778,0.1340959612966095,1.0,iid
Persistence,0.2,1,air_pressure,3.5039182205055974,1.409994258772448,0.2792420310643827,1.0,iid
Persistence,0.2,1,wind_u,3.0375143528775395,1.3227615862541136,0.8190136572629807,1.0,iid
Persistence,0.2,1,wind_v,5.6113437127513475,1.7194199063884679,1.3589290279210746,1.0,iid
LSTM,0.2,2,water_level,0.009649058644702327,0.0775329071456466,0.037662984454594976,0.017034234605335166,iid
LSTM,0.2,2,air_temp,1.4191835912629551,0.8453659181007941,0.16501826419355023,0.38346788124166287,iid
LSTM,0.2,2,water_temp,0.7246985792219319,0.6459762262505861,0.10048264927434433,0.7399551756249234,iid
LSTM,0.2,2,air_pressure,2.597951384658349,1.1838887596651175,0.20704171033816052,0.7212777276258663,iid
LSTM,0.2,2,wind_u,1.9964200932390457,1.07678068297024,0.5383004430738018,0.6859850865806911,iid
LSTM,0.2,2,wind_v,1.9995799278145405,1.0247662102998192,0.4842489333491869,0.3601811740149188,iid
Latent ODE,0.2,2,water_level,0.012973175207114319,0.0926221491390244,0.05063794450254967,0.022902556424551655,iid
Latent ODE,0.2,2,air_temp,2.517855895214085,1.1575645554143323,0.2927684704612265,0.6803326020351926,iid
Latent ODE,0.2,2,water_temp,1.381807349758005,0.8711623736644225,0.19159367393753937,1.410897619349232,iid
Latent ODE,0.2,2,air_pressure,4.415634382825218,1.4758651916080852,0.35190053988186853,1.2259269948154385,iid
Latent ODE,0.2,2,wind_u,2.137791002567728,1.10437083204785,0.5764186845136128,0.7345612033029421,iid
Latent ODE,0.2,2,wind_v,3.1751387866575325,1.3916110264918895,0.7689402905514406,0.5719327344361526,iid
Persistence,0.2,2,water_level,0.5664509658496905,0.5880826815529978,2.211017126815832,1.0,iid
Persistence,0.2,2,air_temp,3.700919061767732,1.3305144555376898,0.4303313843632059,1.0,iid
Persistence,0.2,2,water_temp,0.9793817289133675,0.6407936774904961,0.13579558949565088,1.0,iid
Persistence,0.2,2,air_pressure,3.6018738485238955,1.4337121538443867,0.2870485284768907,1.0,iid
Persistence,0.2,2,wind_u,2.9102966409812914,1.2935953915218017,0.7847115828085609,1.0,iid
Persistence,0.2,2,wind_v,5.551594786383026,1.7120423071815403,1.344459311827134,1.0,iid
LSTM,0.2,3,water_level,0.009634148728303395,0.07746404829856271,0.03760478686556275,0.01701045057323788,iid
LSTM,0.2,3,air_temp,1.4314424610518528,0.8470958027862696,0.16644368753270988,0.38723355993647063,iid
LSTM,0.2,3,water_temp,0.7196303225534649,0.643266127934921,0.09977991316880828,0.7556688672829238,iid
LSTM,0.2,3,air_pressure,2.5466097835932575,1.1717040989985363,0.2029500814651999,0.7349934338599373,iid
LSTM,0.2,3,wind_u,1.978970301487355,1.0715906386747092,0.5335954059609761,0.662470960326715,iid
LSTM,0.2,3,wind_v,2.0077096423501795,1.0238466405156832,0.48621774966783204,0.35774050016639847,iid
Latent ODE,0.2,3,water_level,0.013342013299712501,0.09385806989867658,0.052077623113624835,0.023557209275324235,iid
Latent ODE,0.2,3,air_temp,2.585584333227903,1.1626190204776603,0.30064372306870246,0.6994518138969319,iid
Latent ODE,0.2,3,water_temp,1.3754536881196409,0.867075801738972,0.1907127107725487,1.4443353732141653,iid
Latent ODE,0.2,3,air_pressure,4.520436643277164,1.4650843267154352,0.3602526743288069,1.3046723029158191,iid
Latent ODE,0.2,3,wind_u,2.2871489516933563,1.1262500566827323,0.6166904942710861,0.7656354222697358,iid
Latent ODE,0.2,3,wind_v,3.221426532043153,1.3970178379545954,0.7801500406686186,0.5740046840007254,iid
Persistence,0.2,3,water_level,0.5663664631823782,0.5889121945962866,2.210687289184769,1.0,iid
Persistence,0.2,3,air_temp,3.6965867867617015,1.3208146811382933,0.42982764086877323,1.0,iid
Persistence,0.2,3,water_temp,0.9523090783678323,0.6274452986313471,0.13204184728103996,1.0,iid
Persistence,0.2,3,air_pressure,3.4648061687018386,1.404168574255671,0.2761250265861215,1.0,iid
Persistence,0.2,3,wind_u,2.987255925167457,1.3112808910768423,0.8054623340739636,1.0,iid
Persistence,0.2,3,wind_v,5.612195547935777,1.7225808796795645,1.3591353213898734,1.0,iid
LSTM,0.2,4,water_level,0.009871633814578234,0.07806823144809834,0.03853175782116765,0.01736821993095536,iid
LSTM,0.2,4,air_temp,1.4315887391880213,0.8488820457979301,0.1664606963004751,0.3854033644063085,iid
LSTM,0.2,4,water_temp,0.7255086590111702,0.6437192534582663,0.10059497040437008,0.7378307588568134,iid
LSTM,0.2,4,air_pressure,2.5774637954221555,1.178502192394094,0.20540896788531243,0.733338752711078,iid
LSTM,0.2,4,wind_u,1.9766277800349652,1.0743385745122855,0.5329637852214325,0.6714242459515534,iid
LSTM,0.2,4,wind_v,2.0099409239406807,1.0261685638680782,0.4867581110283218,0.3670088584321335,iid
Latent ODE,0.2,4,water_level,0.012934394248788287,0.09221155633570248,0.05048657153609252,0.022756861549593162,iid
Latent ODE,0.2,4,air_temp,2.4321378961477778,1.1384814526197966,0.2828014475170854,0.6547649490503046,iid
Latent ODE,0.2,4,water_temp,1.493455840639235,0.913369433698419,0.20707422885082952,1.5188208197540223,iid
Latent ODE,0.2,4,air_pressure,3.4777525958081448,1.3699525041105467,0.27715678200182586,0.9894884868518359,iid
Latent ODE,0.2,4,wind_u,2.261232290694963,1.1253147599708975,0.6097025110576962,0.768099184396929,iid
Latent ODE,0.2,4,wind_v,3.1916023937623894,1.3856320104393398,0.7729273700718481,0.5827765070863192,iid
Persistence,0.2,4,water_level,0.5683733769966853,0.5905982749590736,2.2185208371580174,1.0,iid
Persistence,0.2,4,air_temp,3.714520607243013,1.3251331572121017,0.4319129298647876,1.0,iid
Persistence,0.2,4,water_temp,0.983299557930148,0.6423606684481343,0.13633881374128506,1.0,iid
Persistence,0.2,4,air_pressure,3.5146973835673307,1.4181532784686122,0.28010106806156987,1.0,iid
Persistence,0.2,4,wind_u,2.943932680348259,1.3063411048395717,0.7937809640253719,1.0,iid
Persistence,0.2,4,wind_v,5.4765460771905445,1.697796222186998,1.326284365744627,1.0,iid
LSTM,0.4,0,water_level,0.010621975170626186,0.07965124533878817,0.04146055076036172,0.01951153241831415,iid
LSTM,0.4,0,air_temp,1.441108434397091,0.8475263868402819,0.16756761691928973,0.4013252029565623,iid
LSTM,0.4,0,water_temp,0.7406338020152984,0.6512302214693027,0.1026921380866082,0.7333265056387843,iid
LSTM,0.4,0,air_pressure,2.4861513541241047,1.1527940333077347,0.19813189405970366,0.6979729809627135,iid
LSTM,0.4,0,wind_u,2.0035931285143294,1.0801673433673915,0.5402345290309335,0.630674429003262,iid
LSTM,0.4,0,wind_v,2.0153956943088107,1.0327839701132198,0.48807912185449004,0.34933410762613676,iid
Latent ODE,0.4,0,water_level,0.013117896620168726,0.09313969434049614,0.05120283280210496,0.0240962966918164,iid
Latent ODE,0.4,0,air_temp,2.8477742051507366,1.257957216522018,0.331130347787448,0.7930586856461808,iid
Latent ODE,0.4,0,water_temp,1.73314477198888,0.9956883797436026,0.24030815467086772,1.7160450899626647,iid
Latent ODE,0.4,0,air_pressure,6.457818197768367,1.755335057239977,0.5146507870064285,1.8129960633871545,iid
Latent ODE,0.4,0,wind_u,2.3381112068644407,1.1413887492064418,0.6304315924655682,0.7359712555157193,iid
Latent ODE,0.4,0,wind_v,3.3306723574105384,1.4332902316825702,0.8066066847222663,0.5773146479654881,iid
Persistence,0.4,0,water_level,0.5443947170779913,0.5807183135099926,2.1249253965027126,1.0,iid
Persistence,0.4,0,air_temp,3.5908744922582656,1.3147361128802462,0.4175357432945135,1.0,iid
Persistence,0.4,0,water_temp,1.0099645878341037,0.6480712694370478,0.1400360375589525,1.0,iid
Persistence,0.4,0,air_pressure,3.5619593049217437,1.4211751661038254,0.2838675700403481,1.0,iid
Persistence,0.4,0,wind_u,3.1769056051327023,1.3516706969607528,0.8565981181205292,1.0,iid
Persistence,0.4,0,wind_v,5.769249696241287,1.7478564944037949,1.397169961934666,1.0,iid
LSTM,0.4,1,water_level,0.01248182548032262,0.08396082280582412,0.04872006859326753,0.022418570317594165,iid
LSTM,0.4,1,air_temp,1.4364883031847095,0.8451372838476029,0.16703040239841496,0.3701178899956396,iid
LSTM,0.4,1,water_temp,0.7343704272696443,0.648350389159633,0.10182369359687696,0.723307944714947,iid
LSTM,0.4,1,air_pressure,2.586789098113456,1.163838871084725,0.20615214061365114,0.7034981008367839,iid
LSTM,0.4,1,wind_u,1.9857072086871956,1.0713999354424169,0.5354118974613885,0.6298330742618421,iid
LSTM,0.4,1,wind_v,2.0067906102928554,1.0287262709381964,0.4859951827740148,0.35736711952902656,iid
Latent ODE,0.4,1,water_level,0.013536804098311301,0.09433444486119441,0.05283794627981812,0.024313414334458775,iid
Latent ODE,0.4,1,air_temp,2.907490871904578,1.2703523721997414,0.3380740164937456,0.7491285409739488,iid
Latent ODE,0.4,1,water_temp,1.7292391238360798,1.0163688177208936,0.23976661935566376,1.7031900388920413,iid
Latent ODE,0.4,1,air_pressure,6.3451121954626455,1.7893025639226923,0.5056687700139042,1.725604295440906,iid
Latent ODE,0.4,1,wind_u,2.382295548421629,1.1357610016122188,0.6423451424832753,0.7556242544210143,iid
Latent ODE,0.4,1,wind_v,3.343614480191005,1.4342369851385974,0.8097409476064535,0.5954272804909271,iid
Persistence,0.4,1,water_level,0.5567627776213206,0.5848031008391954,2.1732014086122105,1.0,iid
Persistence,0.4,1,air_temp,3.8811641966337618,1.3646668432340279,0.4512897293356524,1.0,iid
Persistence,0.4,1,water_temp,1.0152942915054763,0.6349843866444349,0.14077502444274315,1.0,iid
Persistence,0.4,1,air_pressure,3.6770377845179256,1.4279268004768562,0.2930386597610443,1.0,iid
Persistence,0.4,1,wind_u,3.152751562014148,1.3390227866607716,0.8500853945926636,1.0,iid
Persistence,0.4,1,wind_v,5.61548754943544,1.722913612378375,1.359932562946773,1.0,iid
LSTM,0.4,2,water_level,0.011939341002974767,0.08366073671712915,0.0466025993986504,0.021128850424113048,iid
LSTM,0.4,2,air_temp,1.4386437313317801,0.8415954884699577,0.16728102889495372,0.39064779609013284,iid
LSTM,0.4,2,water_temp,0.7338536662176364,0.6525114167797093,0.10175204240141952,0.7207260765965698,iid
LSTM,0.4,2,air_pressure,2.6263760600964376,1.1859592244645623,0.20930699268842393,0.7217778403062665,iid
LSTM,0.4,2,wind_u,2.0297752747290567,1.080913094541129,0.5472940957803066,0.6720406587327249,iid
LSTM,0.4,2,wind_v,2.008499398555724,1.0298514010301276,0.4864090091392945,0.3576603333900758,iid
Latent ODE,0.4,2,water_level,0.013197009692053577,0.09327901705666697,0.05151163332931394,0.02335452549345026,iid
Latent ODE,0.4,2,air_temp,2.8690123050259433,1.244684063519432,0.3335998481380383,0.7790485646340913,iid
Latent ODE,0.4,2,water_temp,1.68490020326735,0.982831883404927,0.23361883276900577,1.6547597550565405,iid
Latent ODE,0.4,2,air_pressure,6.546036167220893,1.7610147881222433,0.5216812493106385,1.7989746095880563,iid
Latent ODE,0.4,2,wind_u,2.2298007414708683,1.1064446355968367,0.60122753280481,0.7382673233818109,iid
Latent ODE,0.4,2,wind_v,3.3370733182030925,1.43167232874021,0.8081568395288271,0.5942440193877563,iid
Persistence,0.4,2,water_level,0.5650729104196383,0.5878698040340946,2.205638189641673,1.0,iid
Persistence,0.4,2,air_temp,3.682713036476076,1.3164123025568462,0.42821444423651,1.0,iid
Persistence,0.4,2,water_temp,1.0182143952429998,0.6395074515225164,0.1411799096848493,1.0,iid
Persistence,0.4,2,air_pressure,3.6387596202482575,1.4371751201575955,0.28998811129974605,1.0,iid
Persistence,0.4,2,wind_u,3.020316179316633,1.305738736938679,0.8143764646804937,1.0,iid
Persistence,0.4,2,wind_v,5.615661595788959,1.7284475740904042,1.3599747126802606,1.0,iid
LSTM,0.4,3,water_level,0.010521242084344887,0.08116144283183878,0.04106736124806055,0.01855098549642718,iid
LSTM,0.4,3,air_temp,1.4742172223583687,0.8531505694486493,0.17141740404518246,0.380713256687675,iid
LSTM,0.4,3,water_temp,0.7403212372513063,0.655029951056739,0.10264879960567802,0.7087551271419473,iid
LSTM,0.4,3,air_pressure,2.5244704360497194,1.1671428588277475,0.20118570342169473,0.7178174262526625,iid
LSTM,0.4,3,wind_u,2.041248859260015,1.0832427168762309,0.5503877510974293,0.6153027058266727,iid
LSTM,0.4,3,wind_v,2.015823560369944,1.0284681936994713,0.4881827404599971,0.3670769551645308,iid
Latent ODE,0.4,3,water_level,0.013308374416778691,0.09365510505264725,0.05194632111084328,0.023465239066596043,iid
Latent ODE,0.4,3,air_temp,2.7970155500809804,1.2202308973678144,0.3252282888826122,0.7223229269930078,iid
Latent ODE,0.4,3,water_temp,1.7211364288166533,0.9967249437927049,0.23864314501038747,1.6477499321291176,iid
Latent ODE,0.4,3,air_pressure,5.160731706016331,1.5722797908995287,0.4112804902045958,1.4674218790178755,iid
Latent ODE,0.4,3,wind_u,2.3081415280773867,1.121164710960578,0.6223507825075416,0.695753347865568,iid
Latent ODE,0.4,3,wind_v,3.3085936108236487,1.433973631850918,0.8012597569322509,0.6024874857177872,iid
Persistence,0.4,3,water_level,0.5671527308547151,0.5876238462835921,2.21375631262123,1.0,iid
Persistence,0.4,3,air_temp,3.8722508251604424,1.3427324285028461,0.45025331015937764,1.0,iid
Persistence,0.4,3,water_temp,1.0445373993083467,0.6466865302409901,0.1448297101138569,1.0,iid
Persistence,0.4,3,air_pressure,3.516869810793836,1.4239585281945757,0.2802741979558462,1.0,iid
Persistence,0.4,3,wind_u,3.3174709617399656,1.368777153306142,0.8944991560828118,1.0,iid
Persistence,0.4,3,wind_v,5.491555740584189,1.7198010851099321,1.3299193359637203,1.0,iid
LSTM,0.4,4,water_level,0.009931959255107705,0.07815460149677957,0.03876722494936522,0.01781153007084332,iid
LSTM,0.4,4,air_temp,1.4547329946516743,0.8482013358661192,0.16915183850799267,0.3952074696826722,iid
LSTM,0.4,4,water_temp,0.7276490827848674,0.6442582010839529,0.10089174958611181,0.7764302299960166,iid
LSTM,0.4,4,air_pressure,2.54036533329272,1.1693003573755185,0.20245243486642997,0.7101093526354609,iid
LSTM,0.4,4,wind_u,1.9826126351680724,1.0765926873506004,0.534577498778411,0.6825454958541414,iid
LSTM,0.4,4,wind_v,2.0190916488419717,1.0279918215168056,0.48897419087148425,0.3693868553048596,iid
Latent ODE,0.4,4,water_level,0.012972323231677296,0.09243888617551178,0.05063461900326297,0.023263982402152328,iid
Latent ODE,0.4,4,air_temp,2.7529132589024923,1.2168902193040212,0.32010021131601907,0.7478842421988513,iid
Latent ODE,0.4,4,water_temp,1.7472227760960946,1.007240421340141,0.24226013193389312,1.864355516956864,iid
Latent ODE,0.4,4,air_pressure,5.011253121369427,1.5687441874942567,0.39936791092887064,1.400797618858876,iid
Latent ODE,0.4,4,wind_u,2.396443912638954,1.1446141484958023,0.6461600062750933,0.8250134038413064,iid
Latent ODE,0.4,4,wind_v,3.30800532503903,1.4327652078758226,0.8011172886269117,0.6051898065393536,iid
Persistence,0.4,4,water_level,0.5576140407704714,0.5856913997919233,2.1765241276394014,1.0,iid
Persistence,0.4,4,air_temp,3.680934967701236,1.3335851081602965,0.428007695916809,1.0,iid
Persistence,0.4,4,water_temp,0.9371725297050844,0.6315353965963709,0.12994309815400854,1.0,iid
Persistence,0.4,4,air_pressure,3.5774283550336965,1.4332512557268693,0.2851003639299484,1.0,iid
Persistence,0.4,4,wind_u,2.904733306732937,1.2977258482975746,0.7832115251298195,1.0,iid
Persistence,0.4,4,wind_v,5.4660625299608725,1.710523266895098,1.3237455092112784,1.0,iid
LSTM,0.6,0,water_level,0.02145835571763921,0.10177841503095825,0.08375798588998495,0.03914445281616976,iid
LSTM,0.6,0,air_temp,1.5362079174071395,0.8758934291814762,0.17862548970518954,0.44672649580858304,iid
LSTM,0.6,0,water_temp,0.7826102073808447,0.669525071253475,0.1085123515368297,0.6638586189348145,iid
LSTM,0.6,0,air_pressure,2.6582550484701954,1.1926850140833398,0.21184756381524705,0.6842115555210655,iid
LSTM,0.6,0,wind_u,2.0429441221120146,1.0913720708185959,0.5508448496547161,0.644544130327016,iid
LSTM,0.6,0,wind_v,2.119287588900792,1.0638960621645597,0.5132391759438404,0.36693600472474347,iid
Latent ODE,0.6,0,water_level,0.013039878888743547,0.09243260973222028,0.050898307696180506,0.023787420182870705,iid
Latent ODE,0.6,0,air_temp,2.9022437810547284,1.268982664323409,0.3374639010517135,0.8439672648485764,iid
Latent ODE,0.6,0,water_temp,1.909504580318864,1.0779434318583367,0.2647612187096278,1.6197604651523618,iid
Latent ODE,0.6,0,air_pressure,8.648742169398416,2.0124661326032807,0.689254764966091,2.2261104465616413,iid
Latent ODE,0.6,0,wind_u,2.542753431532118,1.1685798923372235,0.685609859095561,0.8022328077522635,iid
Latent ODE,0.6,0,wind_v,3.442061530219184,1.4691744372619324,0.8335823946545965,0.5959626775195958,iid
Persistence,0.6,0,water_level,0.548183821048974,0.5850160210953709,2.139715332931829,1.0,iid
Persistence,0.6,0,air_temp,3.4388108424743766,1.3048075399737327,0.39985425395884383,1.0,iid
Persistence,0.6,0,water_temp,1.1788808415812566,0.685769015493117,0.16345701997654524,1.0,iid
Persistence,0.6,0,air_pressure,3.8851361498064514,1.4752946712219073,0.309622896757295,1.0,iid
Persistence,0.6,0,wind_u,3.1695954178893944,1.346114062155855,0.8546270514871331,1.0,iid
Persistence,0.6,0,wind_v,5.775632703284521,1.760079271560087,1.3987157687860203,1.0,iid
LSTM,0.6,1,water_level,0.02213022194462693,0.10732762744317906,0.08638046837188997,0.03893169118751188,iid
LSTM,0.6,1,air_temp,1.5387384758804856,0.8667728029061605,0.17891973519201923,0.4067001497810595,iid
LSTM,0.6,1,water_temp,0.7701360181213576,0.6678571531371417,0.10678275026496217,0.6535658387169132,iid
LSTM,0.6,1,air_pressure,2.947671250469718,1.2478635772339712,0.2349123624159475,0.7024709597978158,iid
LSTM,0.6,1,wind_u,2.082101622624184,1.0993848139571512,0.5614029981860531,0.6884395440616897,iid
LSTM,0.6,1,wind_v,2.099172639609569,1.0561932774127816,0.5083678314163457,0.3840369454140839,iid
Latent ODE,0.6,1,water_level,0.013544792950895317,0.09472255390214722,0.052869129013985355,0.02382812507179009,iid
Latent ODE,0.6,1,air_temp,2.8430899203612356,1.2696814309696869,0.3305856736876976,0.7514500446804608,iid
Latent ODE,0.6,1,water_temp,2.013937708291466,1.11334228515625,0.2792413317822382,1.709101842365354,iid
Latent ODE,0.6,1,air_pressure,8.10669477334971,2.0349993097809675,0.6460567202971261,1.9319378500283715,iid
Latent ODE,0.6,1,wind_u,2.5645647191289647,1.1665069238463444,0.6914908987711054,0.8479642620558672,iid
Latent ODE,0.6,1,wind_v,3.479340080400407,1.4759942050003887,0.8426103399299781,0.6365341808105349,iid
Persistence,0.6,1,water_level,0.5684372106528381,0.5901739302512521,2.2187699978365756,1.0,iid
Persistence,0.6,1,air_temp,3.783471623280298,1.3500774009366467,0.43993034005111087,1.0,iid
Persistence,0.6,1,water_temp,1.178360269920619,0.6649651105253132,0.16338484042342102,1.0,iid
Persistence,0.6,1,air_pressure,4.196146772128648,1.5357280908274915,0.334408645851438,1.0,iid
Persistence,0.6,1,wind_u,3.024378306830107,1.3144337288775847,0.8154717477062109,1.0,iid
Persistence,0.6,1,wind_v,5.466069514083229,1.698696383196323,1.3237472005934305,1.0,iid
LSTM,0.6,2,water_level,0.019143287720027307,0.10154874136833729,0.0747216256380697,0.03434333149711305,iid
LSTM,0.6,2,air_temp,1.5442140199035888,0.8704367022483295,0.17955641446013546,0.3936365894848417,iid
LSTM,0.6,2,water_temp,0.7459513019263297,0.6596259146769075,0.10342943286528734,0.7211024754194472,iid
LSTM,0.6,2,air_pressure,2.857955338098101,1.2438909333935557,0.22776252271853883,0.7443069956735159,iid
LSTM,0.6,2,wind_u,2.076446356069587,1.0895378182381144,0.5598781525374096,0.6653028721265728,iid
LSTM,0.6,2,wind_v,2.105917416599457,1.0585676196400404,0.5100012500247236,0.35411225554592685,iid
Latent ODE,0.6,2,water_level,0.013248939237159318,0.09397643868853937,0.05171432892088084,0.02376878615948742,iid
Latent ODE,0.6,2,air_temp,2.8906576424630543,1.2599349748034159,0.33611670080864803,0.7368593997213491,iid
Latent ODE,0.6,2,water_temp,1.9772641229987271,1.0938457002466004,0.2741563776864824,1.9113983043805418,iid
Latent ODE,0.6,2,air_pressure,7.441702554466794,1.933112340172758,0.5930606838154067,1.9380678197361605,iid
Latent ODE,0.6,2,wind_u,2.455791530324452,1.1462692716228429,0.6621620736774739,0.7868467941361135,iid
Latent ODE,0.6,2,wind_v,3.476532615041654,1.4750211851711494,0.8419304410739835,0.5845826603111902,iid
Persistence,0.6,2,water_level,0.5574091646186544,0.5833561766691723,2.1757244385085617,1.0,iid
Persistence,0.6,2,air_temp,3.9229432963143123,1.363450760051148,0.45614767340384615,1.0,iid
Persistence,0.6,2,water_temp,1.034459494113411,0.6368058019640106,0.1434323641797583,1.0,iid
Persistence,0.6,2,air_pressure,3.8397534279682084,1.4837431624215631,0.30600615611900683,1.0,iid
Persistence,0.6,2,wind_u,3.121054249221017,1.3356508726306617,0.8415387577507611,1.0,iid
Persistence,0.6,2,wind_v,5.947033415584026,1.769724015572771,1.4402247932324912,1.0,iid
LSTM,0.6,3,water_level,0.017283402785226023,0.09964099504146338,0.06746197265366013,0.030814101488416578,iid
LSTM,0.6,3,air_temp,1.5600004895247723,0.8794246786558636,0.18139201616147252,0.4136871833106826,iid
LSTM,0.6,3,water_temp,0.7723359037442222,0.6683476389796021,0.10708777409393574,0.649761857826729,iid
LSTM,0.6,3,air_pressure,2.8569408321400647,1.2296679215730677,0.22768167245708265,0.7631925906767355,iid
LSTM,0.6,3,wind_u,2.1440764722934804,1.1055599231625077,0.5781134536404904,0.6506774626163389,iid
LSTM,0.6,3,wind_v,2.0749488912806977,1.0477316810519344,0.502501437116821,0.35758087691504425,iid
Latent ODE,0.6,3,water_level,0.013058435669578457,0.09289448805369777,0.05097074002080901,0.023281524304132425,iid
Latent ODE,0.6,3,air_temp,2.839030063295034,1.2669747922881716,0.33011360610598156,0.7528653728670649,iid
Latent ODE,0.6,3,water_temp,1.9004818702689577,1.0668393248530446,0.2635101802290195,1.5988647229857755,iid
Latent ODE,0.6,3,air_pressure,5.899670939614757,1.7374450388737923,0.47016967637784174,1.5760162401305526,iid
Latent ODE,0.6,3,wind_u,2.346343791702296,1.1264334658089759,0.6326513677928493,0.7120609010635481,iid
Latent ODE,0.6,3,wind_v,3.4548905089522277,1.4788366542329046,0.8366892568415087,0.5953894975572566,iid
Persistence,0.6,3,water_level,0.5608926416927353,0.584909909196909,2.189321427367271,1.0,iid
Persistence,0.6,3,air_temp,3.770966451124493,1.344547056195316,0.4384762774370159,1.0,iid
Persistence,0.6,3,water_temp,1.1886445694542136,0.6664785501657958,0.16481080384144783,1.0,iid
Persistence,0.6,3,air_pressure,3.743407453165613,1.4499870930066556,0.298327938764701,1.0,iid
Persistence,0.6,3,wind_u,3.2951448228624134,1.3674349618788382,0.8884792955882127,1.0,iid
Persistence,0.6,3,wind_v,5.802740093882799,1.7612054043543675,1.405280510110186,1.0,iid
LSTM,0.6,4,water_level,0.017652019920190835,0.09887472049823935,0.06890078880506775,0.03105399262614575,iid
LSTM,0.6,4,air_temp,1.5344154680008097,0.8633107299740589,0.17841706925028275,0.4348991654622526,iid
LSTM,0.6,4,water_temp,0.7645059043827036,0.6601808766715652,0.10600211020246443,0.7933361810704626,iid
LSTM,0.6,4,air_pressure,2.638968506372168,1.2105446238398576,0.2103105378777853,0.6862735644310777,iid
LSTM,0.6,4,wind_u,2.0003844430395223,1.0752106978130183,0.5393693620159238,0.6542948240575975,iid
LSTM,0.6,4,wind_v,2.0572781602343913,1.0447069424301831,0.4982220219548441,0.3845604280776259,iid
Latent ODE,0.6,4,water_level,0.012917981454445613,0.09227134261388502,0.050422507792576565,0.022725722191837678,iid
Latent ODE,0.6,4,air_temp,2.7512751168449543,1.2377987825377252,0.3199097332408063,0.7797935286926478,iid
Latent ODE,0.6,4,water_temp,2.030037434895833,1.123154291641546,0.2814736297723024,2.1065921620719594,iid
Latent ODE,0.6,4,air_pressure,7.134874676786734,1.8890132411290959,0.5686082752948132,1.8554506673286255,iid
Latent ODE,0.6,4,wind_u,2.469943576388889,1.1558057617389939,0.6659779302162284,0.8078803568827954,iid
Latent ODE,0.6,4,wind_v,3.456122137420806,1.479149864285344,0.8369875268750769,0.6460418597471904,iid
Persistence,0.6,4,water_level,0.5684299643108953,0.5889530894172637,2.2187417133298695,1.0,iid
Persistence,0.6,4,air_temp,3.5282097319499006,1.32291300821094,0.4102492794177794,1.0,iid
Persistence,0.6,4,water_temp,0.9636594455469587,0.6218177067632972,0.1336156256726296,1.0,iid
Persistence,0.6,4,air_pressure,3.845359406434195,1.4842337768785445,0.30645292020265014,1.0,iid
Persistence,0.6,4,wind_u,3.057313567963406,1.3305403549675128,0.8243521760894186,1.0,iid
Persistence,0.6,4,wind_v,5.349687617414231,1.7040779594560562,1.2955623761014612,1.0,iid
LSTM,0.8,0,water_level,0.05124430320074944,0.16362424668434744,0.2000209000590978,0.09384368971683696,iid
LSTM,0.8,0,air_temp,1.7758691728027447,0.9371804980714891,0.20649255680158618,0.4898759080941366,iid
LSTM,0.8,0,water_temp,0.8446987924851789,0.6926930647315448,0.11712120727334482,0.6776754070649399,iid
LSTM,0.8,0,air_pressure,3.2562404617344827,1.3166607874978669,0.2595035451590979,0.7376860414864475,iid
LSTM,0.8,0,wind_u,2.2185115276482175,1.1282665448797677,0.5981835898875514,0.674556294784908,iid
LSTM,0.8,0,wind_v,2.4880432457868533,1.1626136646935004,0.6025426996638065,0.4445480076259532,iid
Latent ODE,0.8,0,water_level,0.012968604643809846,0.09266940825213041,0.05062010431098035,0.023749404992128437,iid
Latent ODE,0.8,0,air_temp,2.8644904345180078,1.264108832106323,0.3330740590669686,0.7901735523804506,iid
Latent ODE,0.8,0,water_temp,2.181339387392819,1.18452416652013,0.3024523117556464,1.7500203273040105,iid
Latent ODE,0.8,0,air_pressure,9.991089431259518,2.177638521216492,0.7962320835582238,2.263434564889912,iid
Latent ODE,0.8,0,wind_u,2.6692557769826,1.1941245665795372,0.7197190472551476,0.8116087134617328,iid
Latent ODE,0.8,0,wind_v,3.629148872337531,1.5303779589398385,0.8788903338890949,0.6484336248204569,iid
Persistence,0.8,0,water_level,0.546060191744096,0.5828530086026646,2.131426211635955,1.0,iid
Persistence,0.8,0,air_temp,3.6251408641665352,1.34001026662351,0.4215201306897209,1.0,iid
Persistence,0.8,0,water_temp,1.2464651714950512,0.6963008573967544,0.17282788493182166,1.0,iid
Persistence,0.8,0,air_pressure,4.414127797745927,1.5692331225550042,0.3517804737584498,1.0,iid
Persistence,0.8,0,wind_u,3.288845637939858,1.3726478310959849,0.8867808283937086,1.0,iid
Persistence,0.8,0,wind_v,5.596793154183509,1.7419088436398735,1.3554052415657016,1.0,iid
LSTM,0.8,1,water_level,0.05324386086206713,0.16758806299866483,0.20782573490230005,0.09358330776147934,iid
LSTM,0.8,1,air_temp,1.8731359262672749,0.9781689803106047,0.21780243307078323,0.47201875822470596,iid
LSTM,0.8,1,water_temp,0.9062987267268304,0.7098904690430734,0.1256623094159378,0.7377936318837467,iid
LSTM,0.8,1,air_pressure,3.755359023890809,1.4191787485764873,0.2992804098766642,0.7347135493317846,iid
LSTM,0.8,1,wind_u,2.2939130488912856,1.145559250814207,0.6185143170882229,0.6688920879718807,iid
LSTM,0.8,1,wind_v,2.3647863663251125,1.1319269461813652,0.5726929239298938,0.4178802129916427,iid
Latent ODE,0.8,1,water_level,0.01286565362170524,0.09278361055366231,0.05021825757256932,0.02261313140967983,iid
Latent ODE,0.8,1,air_temp,2.632680552017286,1.2419353662181165,0.3061199252475815,0.6634193426858748,iid
Latent ODE,0.8,1,water_temp,2.2488391675877546,1.2233302796129757,0.3118114535200819,1.830720013222625,iid
Latent ODE,0.8,1,air_pressure,8.748678981794628,2.1521792845474623,0.6972191513231423,1.7116267567991679,iid
Latent ODE,0.8,1,wind_u,2.5972827765874404,1.1725687435017296,0.7003127619080552,0.7573529869951544,iid
Latent ODE,0.8,1,wind_v,3.6160257443859805,1.5219947473326725,0.8757122360174641,0.6389860960656158,iid
Persistence,0.8,1,water_level,0.5689461308396209,0.5916258752593361,2.220756456183365,1.0,iid
Persistence,0.8,1,air_temp,3.968350608167065,1.4011599326980035,0.4614274947248976,1.0,iid
Persistence,0.8,1,water_temp,1.228390551993318,0.6877048733661157,0.1703217593449469,1.0,iid
Persistence,0.8,1,air_pressure,5.111324035477874,1.697690473787676,0.407342984417338,1.0,iid
Persistence,0.8,1,wind_u,3.4294217111261727,1.4085119067139886,0.924684755897762,1.0,iid
Persistence,0.8,1,wind_v,5.659005362793779,1.7547255938325947,1.370471503854975,1.0,iid
LSTM,0.8,2,water_level,0.04846149203193633,0.15910568712163267,0.18915880691091022,0.09244810293996088,iid
LSTM,0.8,2,air_temp,1.8649321037088966,0.9714536292291043,0.2168485180405716,0.4693680211015593,iid
LSTM,0.8,2,water_temp,0.840439019402507,0.69462607364307,0.11653057097719813,0.7403320251992662,iid
LSTM,0.8,2,air_pressure,3.5270529997196047,1.3933626978969755,0.281085739258866,0.7757964612098973,iid
LSTM,0.8,2,wind_u,2.2631347301982925,1.1357295224520303,0.6102154712463016,0.6804425468767207,iid
LSTM,0.8,2,wind_v,2.4520488694730287,1.1508625182346326,0.5938257496214097,0.40788279206314904,iid
Latent ODE,0.8,2,water_level,0.013114908028440357,0.09354556981953348,0.051191167489668656,0.025018799806294963,iid
Latent ODE,0.8,2,air_temp,2.8071263871556495,1.2507934698510685,0.3264039456432156,0.7065004429388501,iid
Latent ODE,0.8,2,water_temp,2.2370208511270766,1.1989546699155949,0.3101727918999549,1.9705631686464207,iid
Latent ODE,0.8,2,air_pressure,7.920068604233535,2.030919915311253,0.6311836932359391,1.742066591058443,iid
Latent ODE,0.8,2,wind_u,2.651335834863767,1.1873907845214033,0.7148872421580678,0.7971605419807009,iid
Latent ODE,0.8,2,wind_v,3.620499682070604,1.5246004006558191,0.8767957133626371,0.6022471808663701,iid
Persistence,0.8,2,water_level,0.5242021252010868,0.5690003834324754,2.046108042192675,1.0,iid
Persistence,0.8,2,air_temp,3.973283265724174,1.368523161643144,0.46200104883935217,1.0,iid
Persistence,0.8,2,water_temp,1.1352190514469453,0.6896378986321845,0.1574031205064147,1.0,iid
Persistence,0.8,2,air_pressure,4.546363867423385,1.6086399885216471,0.36231892424528117,1.0,iid
Persistence,0.8,2,wind_u,3.325974750676954,1.381627843549991,0.8967920569447542,1.0,iid
Persistence,0.8,2,wind_v,6.011650692764206,1.7789151332469326,1.455873503801731,1.0,iid
LSTM,0.8,3,water_level,0.060232332633244054,0.1727582622860477,0.23510370194250682,0.10428801874219967,iid
LSTM,0.8,3,air_temp,1.9188740759731164,0.9758734635960227,0.22312072319078521,0.5219066272481986,iid
LSTM,0.8,3,water_temp,0.8512125225823536,0.7083797540695338,0.1180243646350232,0.6836938639173862,iid
LSTM,0.8,3,air_pressure,3.53390245892325,1.4106260194319733,0.28163160157052763,0.7792749172455826,iid
LSTM,0.8,3,wind_u,2.3028149454550166,1.1476473009606103,0.6209145608448758,0.6803437385424884,iid
LSTM,0.8,3,wind_v,2.328659639627384,1.1166695109251918,0.5639439218893036,0.3847421599688005,iid
Latent ODE,0.8,3,water_level,0.01279879843051008,0.09237587165041089,0.049957302994572766,0.02216021316534528,iid
Latent ODE,0.8,3,air_temp,2.6345599854951445,1.2233572889591209,0.3063384599404097,0.7165630791147848,iid
Latent ODE,0.8,3,water_temp,2.0676560903796557,1.1541164778436495,0.28668962201174036,1.6607412886682658,iid
Latent ODE,0.8,3,air_pressure,9.094666533699508,2.144879500371672,0.7247923595537189,2.0055011684120667,iid
Latent ODE,0.8,3,wind_u,2.6268945444084912,1.1830197487699847,0.7082970673116383,0.7760898280719669,iid
Latent ODE,0.8,3,wind_v,3.545171582679053,1.5130276593007457,0.8585531058658471,0.5857347930838893,iid
Persistence,0.8,3,water_level,0.5775575503274119,0.5933904529112504,2.2543692437353133,1.0,iid
Persistence,0.8,3,air_temp,3.676661639823505,1.3617388960244,0.42751080661153906,1.0,iid
Persistence,0.8,3,water_temp,1.2450199826353998,0.6916158694546323,0.1726275031324321,1.0,iid
Persistence,0.8,3,air_pressure,4.534859753235927,1.6391978977958936,0.36140211283327317,1.0,iid
Persistence,0.8,3,wind_u,3.3847815670184236,1.3926866192920488,0.9126483065385026,1.0,iid
Persistence,0.8,3,wind_v,6.052520056071368,1.7941676214164366,1.4657710554388812,1.0,iid
LSTM,0.8,4,water_level,0.05382742634452725,0.16403604602418007,0.21010355479162168,0.09002570074140571,iid
LSTM,0.8,4,air_temp,1.9050764417578208,0.9631982253294386,0.2215163770989879,0.4553675250808003,iid
LSTM,0.8,4,water_temp,0.8247497427757402,0.6810330471680734,0.11435518368397593,0.8008802018713651,iid
LSTM,0.8,4,air_pressure,3.0946073189574963,1.3259905514860324,0.24662231784841818,0.7197112056747028,iid
LSTM,0.8,4,wind_u,2.0786778907079997,1.0875456447822736,0.5604798475857915,0.737777866802825,iid
LSTM,0.8,4,wind_v,2.426807460500233,1.1393078286849445,0.58771290301734,0.3991845259372404,iid
Latent ODE,0.8,4,water_level,0.01287214864833721,0.0924099324649795,0.050243609484717386,0.021528508435401276,iid
Latent ODE,0.8,4,air_temp,2.645044260680037,1.24733077275405,0.30755753892567256,0.6322409076686065,iid
Latent ODE,0.8,4,water_temp,2.3465712241676715,1.24586657884931,0.32536243353541977,2.278657801567757,iid
Latent ODE,0.8,4,air_pressure,8.622252719288637,2.067864171047968,0.6871437088897405,2.005272805443281,iid
Latent ODE,0.8,4,wind_u,2.5996861750411355,1.1798051166692578,0.7009607970870682,0.9226975132377894,iid
Latent ODE,0.8,4,wind_v,3.5976402194148074,1.5246471259526748,0.8712597153992528,0.5917743079559448,iid
Persistence,0.8,4,water_level,0.5979117729851814,0.5996714975824,2.333817488354059,1.0,iid
Persistence,0.8,4,air_temp,4.183601896994706,1.3869331518508536,0.486456246654133,1.0,iid
Persistence,0.8,4,water_temp,1.0298041340622488,0.6308352749447347,0.14278687800843315,1.0,iid
Persistence,0.8,4,air_pressure,4.299790380582467,1.5825016860625394,0.3426684424306258,1.0,iid
Persistence,0.8,4,wind_u,2.8174847528511413,1.2812196975125998,0.7596864487337388,1.0,iid
Persistence,0.8,4,wind_v,6.0794126596023785,1.8081416672537378,1.4722837806336713,1.0,iid
Tidal,0.0,0,water_level,0.0211396951435053,0.11755457021701328,0.08251416421868782,0.03760308414096883,iid
Tidal,0.2,0,water_level,0.0211396951435053,0.11755457021701328,0.08251416421868782,0.03808285127298324,iid
Tidal,0.4,0,water_level,0.0211396951435053,0.11755457021701328,0.08251416421868782,0.0388315582064636,iid
Tidal,0.6,0,water_level,0.0211396951435053,0.11755457021701328,0.08251416421868782,0.03856315041011892,iid
Tidal,0.8,0,water_level,0.0211396951435053,0.11755457021701328,0.08251416421868782,0.03871312258816358,iid
