model,rate,seed,channel,mse,mae
LSTM,0.0,0,water_level,0.012315382652154165,0.08684117872371529
LSTM,0.0,0,air_temp,1.4272276418095688,0.8655816946845238
LSTM,0.0,0,water_temp,0.6610816774507402,0.5689789223665769
LSTM,0.0,0,air_pressure,2.7528609009179563,1.2488467362319058
LSTM,0.0,0,wind_u,2.0759444060149015,1.0949288987952852
LSTM,0.0,0,wind_v,2.1266121334499783,1.0567609420930497
Latent ODE,0.0,0,water_level,0.26207500038371934,0.4082973113859413
Latent ODE,0.0,0,air_temp,2.363314174848163,1.1041048570186707
Latent ODE,0.0,0,water_temp,0.7534710273435373,0.5874460935852197
Latent ODE,0.0,0,air_pressure,4.236819549775322,1.5420458552221623
Latent ODE,0.0,0,wind_u,2.142028802171701,1.1298559747561059
Latent ODE,0.0,0,wind_v,3.330279090187766,1.410041327428336
LSTM,0.0,1,water_level,0.012315382652154165,0.08684117872371529
LSTM,0.0,1,air_temp,1.4272276418095688,0.8655816946845238
LSTM,0.0,1,water_temp,0.6610816774507402,0.5689789223665769
LSTM,0.0,1,air_pressure,2.7528609009179563,1.2488467362319058
LSTM,0.0,1,wind_u,2.0759444060149015,1.0949288987952852
LSTM,0.0,1,wind_v,2.1266121334499783,1.0567609420930497
Latent ODE,0.0,1,water_level,0.26207500038371934,0.4082973113859413
Latent ODE,0.0,1,air_temp,2.363314174848163,1.1041048570186707
Latent ODE,0.0,1,water_temp,0.7534710273435373,0.5874460935852197
Latent ODE,0.0,1,air_pressure,4.236819549775322,1.5420458552221623
Latent ODE,0.0,1,wind_u,2.142028802171701,1.1298559747561059
Latent ODE,0.0,1,wind_v,3.330279090187766,1.410041327428336
LSTM,0.0,2,water_level,0.012315382652154165,0.08684117872371529
LSTM,0.0,2,air_temp,1.4272276418095688,0.8655816946845238
LSTM,0.0,2,water_temp,0.6610816774507402,0.5689789223665769
LSTM,0.0,2,air_pressure,2.7528609009179563,1.2488467362319058
LSTM,0.0,2,wind_u,2.0759444060149015,1.0949288987952852
LSTM,0.0,2,wind_v,2.1266121334499783,1.0567609420930497
Latent ODE,0.0,2,water_level,0.26207500038371934,0.4082973113859413
Latent ODE,0.0,2,air_temp,2.363314174848163,1.1041048570186707
Latent ODE,0.0,2,water_temp,0.7534710273435373,0.5874460935852197
Latent ODE,0.0,2,air_pressure,4.236819549775322,1.5420458552221623
Latent ODE,0.0,2,wind_u,2.142028802171701,1.1298559747561059
Latent ODE,0.0,2,wind_v,3.330279090187766,1.410041327428336
LSTM,0.0,3,water_level,0.012315382652154165,0.08684117872371529
LSTM,0.0,3,air_temp,1.4272276418095688,0.8655816946845238
LSTM,0.0,3,water_temp,0.6610816774507402,0.5689789223665769
LSTM,0.0,3,air_pressure,2.7528609009179563,1.2488467362319058
LSTM,0.0,3,wind_u,2.0759444060149015,1.0949288987952852
LSTM,0.0,3,wind_v,2.1266121334499783,1.0567609420930497
Latent ODE,0.0,3,water_level,0.26207500038371934,0.4082973113859413
Latent ODE,0.0,3,air_temp,2.363314174848163,1.1041048570186707
Latent ODE,0.0,3,water_temp,0.7534710273435373,0.5874460935852197
Latent ODE,0.0,3,air_pressure,4.236819549775322,1.5420458552221623
Latent ODE,0.0,3,wind_u,2.142028802171701,1.1298559747561059
Latent ODE,0.0,3,wind_v,3.330279090187766,1.410041327428336
LSTM,0.0,4,water_level,0.012315382652154165,0.08684117872371529
LSTM,0.0,4,air_temp,1.4272276418095688,0.8655816946845238
LSTM,0.0,4,water_temp,0.6610816774507402,0.5689789223665769
LSTM,0.0,4,air_pressure,2.7528609009179563,1.2488467362319058
LSTM,0.0,4,wind_u,2.0759444060149015,1.0949288987952852
LSTM,0.0,4,wind_v,2.1266121334499783,1.0567609420930497
Latent ODE,0.0,4,water_level,0.26207500038371934,0.4082973113859413
Latent ODE,0.0,4,air_temp,2.363314174848163,1.1041048570186707
Latent ODE,0.0,4,water_temp,0.7534710273435373,0.5874460935852197
Latent ODE,0.0,4,air_pressure,4.236819549775322,1.5420458552221623
Latent ODE,0.0,4,wind_u,2.142028802171701,1.1298559747561059
Latent ODE,0.0,4,wind_v,3.330279090187766,1.410041327428336
LSTM,0.2,0,water_level,0.011887419068120363,0.0853621987806415
LSTM,0.2,0,air_temp,1.4452316778813072,0.8639210379436393
LSTM,0.2,0,water_temp,0.6178161385218718,0.552083745284094
LSTM,0.2,0,air_pressure,2.6724015697789207,1.2261318305225661
LSTM,0.2,0,wind_u,2.0801010966702345,1.0919338444668034
LSTM,0.2,0,wind_v,2.071342757253936,1.04035451356008
Latent ODE,0.2,0,water_level,0.2621639367403257,0.40825897078606493
Latent ODE,0.2,0,air_temp,2.360075289416501,1.1026888957382597
Latent ODE,0.2,0,water_temp,0.7107707828627208,0.5778403519909288
Latent ODE,0.2,0,air_pressure,4.092300681880756,1.5070950212598635
Latent ODE,0.2,0,wind_u,2.069391449693879,1.095550537109375
Latent ODE,0.2,0,wind_v,3.3329172230730153,1.4206950576217086
LSTM,0.2,1,water_level,0.012184165838694713,0.0861907374888985
LSTM,0.2,1,air_temp,1.4182921523706165,0.8576260747927851
LSTM,0.2,1,water_temp,0.6228677196074954,0.5515752286140679
LSTM,0.2,1,air_pressure,2.6358241209167232,1.219755876036335
LSTM,0.2,1,wind_u,2.0873620132805923,1.0935520595974393
LSTM,0.2,1,wind_v,2.0650697059502905,1.0406420736601858
Latent ODE,0.2,1,water_level,0.2621827402733511,0.4081491986140546
Latent ODE,0.2,1,air_temp,2.3320009325531457,1.1033985742400974
Latent ODE,0.2,1,water_temp,0.7243441318650664,0.5843487836529221
Latent ODE,0.2,1,air_pressure,4.102443471344378,1.5092016388089144
Latent ODE,0.2,1,wind_u,2.102937338729499,1.1099450564143634
Latent ODE,0.2,1,wind_v,3.348526964283953,1.4179076987886268
LSTM,0.2,2,water_level,0.011794871408194178,0.08418328197643148
LSTM,0.2,2,air_temp,1.4202907486596477,0.8594573287980138
LSTM,0.2,2,water_temp,0.6182962887276239,0.5514598990119985
LSTM,0.2,2,air_pressure,2.69821233702611,1.2362002232202363
LSTM,0.2,2,wind_u,2.091873066192524,1.0953625348280576
LSTM,0.2,2,wind_v,2.0733904405073686,1.0419327482229932
Latent ODE,0.2,2,water_level,0.2621933897704564,0.40813350195430764
Latent ODE,0.2,2,air_temp,2.3687627641446403,1.1037166658101698
Latent ODE,0.2,2,water_temp,0.7089791342554439,0.5781878773070306
Latent ODE,0.2,2,air_pressure,4.164080436968503,1.5173737763290747
Latent ODE,0.2,2,wind_u,2.0599814649382826,1.0942536652690233
Latent ODE,0.2,2,wind_v,3.364748386421589,1.419647464045772
LSTM,0.2,3,water_level,0.011537246224050675,0.08373690796380497
LSTM,0.2,3,air_temp,1.4467325428193707,0.8658021409060559
LSTM,0.2,3,water_temp,0.6239114134705667,0.5523138363948451
LSTM,0.2,3,air_pressure,2.6772968197051945,1.2300349435055782
LSTM,0.2,3,wind_u,2.0916108667649804,1.0945045458347307
LSTM,0.2,3,wind_v,2.0683144977197103,1.0395178939356948
Latent ODE,0.2,3,water_level,0.26215163418095755,0.40821691752484396
Latent ODE,0.2,3,air_temp,2.3755808183698925,1.1125920597335937
Latent ODE,0.2,3,water_temp,0.7291251044893171,0.581646850107543
Latent ODE,0.2,3,air_pressure,4.121519948251976,1.5262851174082628
Latent ODE,0.2,3,wind_u,2.0899749396224614,1.1022465702660558
Latent ODE,0.2,3,wind_v,3.344693732984138,1.4147242953881671
LSTM,0.2,4,water_level,0.011612115131272121,0.08332601071609201
LSTM,0.2,4,air_temp,1.439690793900379,0.8661401398427503
LSTM,0.2,4,water_temp,0.6246417340644689,0.5504357047052962
LSTM,0.2,4,air_pressure,2.6895382344837153,1.2329867853745136
LSTM,0.2,4,wind_u,2.0740981439147332,1.0919089204935915
LSTM,0.2,4,wind_v,2.0832406374741885,1.0444459048184482
Latent ODE,0.2,4,water_level,0.2621829178319222,0.40832526440769057
Latent ODE,0.2,4,air_temp,2.377384430667082,1.1107646724923024
Latent ODE,0.2,4,water_temp,0.7195997132264579,0.5770079523240614
Latent ODE,0.2,4,air_pressure,4.029892799213106,1.50348076115643
Latent ODE,0.2,4,wind_u,2.099303383618493,1.1058448444713245
Latent ODE,0.2,4,wind_v,3.34195556383743,1.4140956120860295
LSTM,0.4,0,water_level,0.016806138094072092,0.09645761053604344
LSTM,0.4,0,air_temp,1.4280665664689123,0.854568352905716
LSTM,0.4,0,water_temp,0.6151552505542996,0.5557055997609729
LSTM,0.4,0,air_pressure,2.6294981406731095,1.2079889122980647
LSTM,0.4,0,wind_u,2.102310244884555,1.0966521625968342
LSTM,0.4,0,wind_v,2.05904132509071,1.035066129382612
Latent ODE,0.4,0,water_level,0.26235653235315776,0.40809530115167736
Latent ODE,0.4,0,air_temp,2.3804125941417498,1.1082449400696985
Latent ODE,0.4,0,water_temp,0.7182270949530025,0.6029509900053835
Latent ODE,0.4,0,air_pressure,4.50340869437405,1.5608085230434594
Latent ODE,0.4,0,wind_u,2.127236176821519,1.107270314637258
Latent ODE,0.4,0,wind_v,3.3578021373813,1.430657634028682
LSTM,0.4,1,water_level,0.01756568723801514,0.09743531993586373
LSTM,0.4,1,air_temp,1.4264522413374594,0.8530722642712665
LSTM,0.4,1,water_temp,0.6188809332337848,0.5548041036594623
LSTM,0.4,1,air_pressure,2.7085350949414937,1.2236113870644727
LSTM,0.4,1,wind_u,2.0778957328411063,1.087427996625804
LSTM,0.4,1,wind_v,2.0410591729160914,1.034974865640454
Latent ODE,0.4,1,water_level,0.26241816365628456,0.4081340772119408
Latent ODE,0.4,1,air_temp,2.3331254685349645,1.1031441764807137
Latent ODE,0.4,1,water_temp,0.7065360851856766,0.5891643551577936
Latent ODE,0.4,1,air_pressure,4.37015100805763,1.567017018095876
Latent ODE,0.4,1,wind_u,2.115643215500546,1.104543018019962
Latent ODE,0.4,1,wind_v,3.3933468121872203,1.4321148355400521
LSTM,0.4,2,water_level,0.017180321316008017,0.09801060830030305
LSTM,0.4,2,air_temp,1.43779591523551,0.855751451690407
LSTM,0.4,2,water_temp,0.604964223272422,0.5460129465227316
LSTM,0.4,2,air_pressure,2.7567254617845207,1.2466458389565338
LSTM,0.4,2,wind_u,2.1069037569090976,1.0934092717539983
LSTM,0.4,2,wind_v,2.044599969780405,1.031794872348156
Latent ODE,0.4,2,water_level,0.2623475343114504,0.40802735406607266
Latent ODE,0.4,2,air_temp,2.35971497258898,1.0994474858865475
Latent ODE,0.4,2,water_temp,0.7174000240685554,0.6060601734217024
Latent ODE,0.4,2,air_pressure,4.506418987590638,1.5717946559184395
Latent ODE,0.4,2,wind_u,2.137742193459662,1.1063097751501836
Latent ODE,0.4,2,wind_v,3.3879083447183422,1.4278441920424954
LSTM,0.4,3,water_level,0.015844475148401045,0.09630181755252314
LSTM,0.4,3,air_temp,1.4693304339714155,0.8658191569452983
LSTM,0.4,3,water_temp,0.6126432362761395,0.5505120983161154
LSTM,0.4,3,air_pressure,2.6792728182450367,1.231261178714478
LSTM,0.4,3,wind_u,2.155406450984454,1.1071840954148007
LSTM,0.4,3,wind_v,2.0586089991559886,1.0367904175010194
Latent ODE,0.4,3,water_level,0.2622906838331086,0.40806384837818227
Latent ODE,0.4,3,air_temp,2.385757463373439,1.1114477766528774
Latent ODE,0.4,3,water_temp,0.7298652587465385,0.6042156157191481
Latent ODE,0.4,3,air_pressure,4.169106901416547,1.521514053003039
Latent ODE,0.4,3,wind_u,2.149172220968638,1.112445972583912
Latent ODE,0.4,3,wind_v,3.3698872974023275,1.4273476199268893
LSTM,0.4,4,water_level,0.014335068063567241,0.09204790505824616
LSTM,0.4,4,air_temp,1.4592101881564565,0.8623762336156596
LSTM,0.4,4,water_temp,0.6204477713410693,0.5523470781634842
LSTM,0.4,4,air_pressure,2.6915453428600764,1.2354074560723902
LSTM,0.4,4,wind_u,2.0640487028693513,1.0891776967931677
LSTM,0.4,4,wind_v,2.059582880450419,1.0372454485909304
Latent ODE,0.4,4,water_level,0.2622812816648797,0.4079814563805854
Latent ODE,0.4,4,air_temp,2.391740337265252,1.1136562113925628
Latent ODE,0.4,4,water_temp,0.7151923301093801,0.5957813906612517
Latent ODE,0.4,4,air_pressure,4.115336253206266,1.526120000974688
Latent ODE,0.4,4,wind_u,2.1282556964090777,1.1090588746247467
Latent ODE,0.4,4,wind_v,3.3759168245977023,1.4269000095149083
LSTM,0.6,0,water_level,0.043927234868191826,0.14435676174597672
LSTM,0.6,0,air_temp,1.5341138434984658,0.8800972848844619
LSTM,0.6,0,water_temp,0.6829634221477912,0.59535223597305
LSTM,0.6,0,air_pressure,2.939971116794709,1.295624670938633
LSTM,0.6,0,wind_u,2.1771199647023622,1.117387720230051
LSTM,0.6,0,wind_v,2.1814290248986445,1.069986282374321
Latent ODE,0.6,0,water_level,0.26264139455009533,0.40796787997907014
Latent ODE,0.6,0,air_temp,2.421595073300502,1.118479718326073
Latent ODE,0.6,0,water_temp,0.7919496735170624,0.6749288840099744
Latent ODE,0.6,0,air_pressure,5.172258614222615,1.660310015899079
Latent ODE,0.6,0,wind_u,2.345479990898158,1.1659805991432883
Latent ODE,0.6,0,wind_v,3.437069889672276,1.4469966117781823
LSTM,0.6,1,water_level,0.044466101530729066,0.14989068634688804
LSTM,0.6,1,air_temp,1.5502215658176883,0.8830493089867493
LSTM,0.6,1,water_temp,0.6678425435689755,0.5856538270518018
LSTM,0.6,1,air_pressure,3.0610376603315066,1.3193056737469009
LSTM,0.6,1,wind_u,2.1428745346839984,1.106539376255639
LSTM,0.6,1,wind_v,2.121759061460142,1.0573730211868029
Latent ODE,0.6,1,water_level,0.26275485005816596,0.40800549829317523
Latent ODE,0.6,1,air_temp,2.3878410593180495,1.1163392541860564
Latent ODE,0.6,1,water_temp,0.7656726367899777,0.6544957558573551
Latent ODE,0.6,1,air_pressure,5.348714043016652,1.7028743510410003
Latent ODE,0.6,1,wind_u,2.287373006544531,1.14862034216473
Latent ODE,0.6,1,wind_v,3.4455657984672574,1.4519949569445267
LSTM,0.6,2,water_level,0.03927870447533213,0.14113926887512207
LSTM,0.6,2,air_temp,1.5718069306363631,0.8843046779392574
LSTM,0.6,2,water_temp,0.6117967638397382,0.55718489334834
LSTM,0.6,2,air_pressure,3.028620831568273,1.3157190480296306
LSTM,0.6,2,wind_u,2.151919111258253,1.1057084658330538
LSTM,0.6,2,wind_v,2.152763874041111,1.0636028938421898
Latent ODE,0.6,2,water_level,0.2626747711425884,0.4079179482592588
Latent ODE,0.6,2,air_temp,2.3967939390254496,1.1148233671995795
Latent ODE,0.6,2,water_temp,0.7739050807242764,0.6703999720963159
Latent ODE,0.6,2,air_pressure,5.209918727699844,1.6863228636627945
Latent ODE,0.6,2,wind_u,2.2457767576480956,1.132640247794514
Latent ODE,0.6,2,wind_v,3.46175633696996,1.4540990707448838
LSTM,0.6,3,water_level,0.041647470338864796,0.1446658773590962
LSTM,0.6,3,air_temp,1.612658748191464,0.8985940465847804
LSTM,0.6,3,water_temp,0.6442738073520506,0.5701773851337761
LSTM,0.6,3,air_pressure,3.0742303999178597,1.2965905207208692
LSTM,0.6,3,wind_u,2.2605765114729652,1.128348450066666
LSTM,0.6,3,wind_v,2.1520552458586515,1.0636888304944794
Latent ODE,0.6,3,water_level,0.2628117680248334,0.40819991287707075
Latent ODE,0.6,3,air_temp,2.399232788313729,1.1130185687585181
Latent ODE,0.6,3,water_temp,0.7978349216825791,0.6783441700967547
Latent ODE,0.6,3,air_pressure,4.875877391760678,1.6313039853288613
Latent ODE,0.6,3,wind_u,2.2636649969852334,1.1440831739894468
Latent ODE,0.6,3,wind_v,3.439943885161018,1.4480697683212331
LSTM,0.6,4,water_level,0.043623221151549575,0.1477082169347183
LSTM,0.6,4,air_temp,1.5691448422377234,0.8853534398289422
LSTM,0.6,4,water_temp,0.6661576018363542,0.5797020272442439
LSTM,0.6,4,air_pressure,2.911270003299465,1.306758608078748
LSTM,0.6,4,wind_u,2.0699389101278904,1.0902362656513047
LSTM,0.6,4,wind_v,2.113050091547597,1.0597739749484592
Latent ODE,0.6,4,water_level,0.2625903906496814,0.4078887643789984
Latent ODE,0.6,4,air_temp,2.4063355780837634,1.1200425645694418
Latent ODE,0.6,4,water_temp,0.785114490152729,0.6634326737975078
Latent ODE,0.6,4,air_pressure,4.806576413776758,1.6401750398205908
Latent ODE,0.6,4,wind_u,2.27943624631323,1.1493578438807015
Latent ODE,0.6,4,wind_v,3.413430518975563,1.4393146013972735
LSTM,0.8,0,water_level,0.15404838619858854,0.28616306333855207
LSTM,0.8,0,air_temp,1.903034002751932,0.9820353645687546
LSTM,0.8,0,water_temp,0.7742670293002769,0.646591978864215
LSTM,0.8,0,air_pressure,3.870044821334256,1.4562350204184662
LSTM,0.8,0,wind_u,2.418781126388396,1.1772231863002585
LSTM,0.8,0,wind_v,2.8233412347658717,1.2357064481536146
Latent ODE,0.8,0,water_level,0.2631549875376701,0.40783799708944063
Latent ODE,0.8,0,air_temp,2.48353660699019,1.1425068603697859
Latent ODE,0.8,0,water_temp,0.9900978498668576,0.803915976024572
Latent ODE,0.8,0,air_pressure,6.908846919636758,1.883116712547818
Latent ODE,0.8,0,wind_u,2.6673912407974605,1.2412667226309728
Latent ODE,0.8,0,wind_v,3.638200695667203,1.4988802322233565
LSTM,0.8,1,water_level,0.15692173822044622,0.2894825915277958
LSTM,0.8,1,air_temp,2.0717404382420543,1.0411905999325008
LSTM,0.8,1,water_temp,0.8291847931645728,0.6645654055020037
LSTM,0.8,1,air_pressure,4.0751118268456175,1.5016012454139676
LSTM,0.8,1,wind_u,2.356543627652255,1.1605072021484375
LSTM,0.8,1,wind_v,2.556526729956219,1.1910731511485295
Latent ODE,0.8,1,water_level,0.2633119677934912,0.40792679164021983
Latent ODE,0.8,1,air_temp,2.4619469474846176,1.1328647684303523
Latent ODE,0.8,1,water_temp,0.9828632171185687,0.7985308360825066
Latent ODE,0.8,1,air_pressure,7.326034653285949,1.9673359863385382
Latent ODE,0.8,1,wind_u,2.6146676548402317,1.2228539046213682
Latent ODE,0.8,1,wind_v,3.6409059774996053,1.5074542845138397
LSTM,0.8,2,water_level,0.14525988851159988,0.27848133321760477
LSTM,0.8,2,air_temp,2.126082171608731,1.042209669988937
LSTM,0.8,2,water_temp,0.7739932315426924,0.6392861882663878
LSTM,0.8,2,air_pressure,4.029796861488698,1.5217952520818339
LSTM,0.8,2,wind_u,2.3864893030237266,1.1611842788028397
LSTM,0.8,2,wind_v,2.73858721569331,1.217809057396269
Latent ODE,0.8,2,water_level,0.2631447903730333,0.4078261681535009
Latent ODE,0.8,2,air_temp,2.4639764461570213,1.13300839922631
Latent ODE,0.8,2,water_temp,0.9984323479577448,0.8128482777906767
Latent ODE,0.8,2,air_pressure,6.5890916143813145,1.9039749858170385
Latent ODE,0.8,2,wind_u,2.652485471783262,1.2344326250480884
Latent ODE,0.8,2,wind_v,3.6139746322374955,1.4982978197862002
LSTM,0.8,3,water_level,0.16537619038801185,0.29230496576079423
LSTM,0.8,3,air_temp,2.231786088868229,1.0658555098956874
LSTM,0.8,3,water_temp,0.7917365388311697,0.6547516420623095
LSTM,0.8,3,air_pressure,4.065590117933095,1.5418851254057035
LSTM,0.8,3,wind_u,2.4560514250989716,1.18054576835247
LSTM,0.8,3,wind_v,2.7225364466708917,1.2181321378508803
Latent ODE,0.8,3,water_level,0.26324428262686467,0.40820265900917985
Latent ODE,0.8,3,air_temp,2.5064156113923755,1.1396861679392802
Latent ODE,0.8,3,water_temp,1.0083171861923885,0.8172392144380716
Latent ODE,0.8,3,air_pressure,6.6206490225211265,1.873692696982799
Latent ODE,0.8,3,wind_u,2.5472441458140156,1.219298121905086
Latent ODE,0.8,3,wind_v,3.6081408491038314,1.4956966714826898
LSTM,0.8,4,water_level,0.1528913332016004,0.28660459767496677
LSTM,0.8,4,air_temp,2.184204775175069,1.0308966300054816
LSTM,0.8,4,water_temp,0.7764825137798859,0.6268058592474282
LSTM,0.8,4,air_pressure,3.7048819084924074,1.4782853471264195
LSTM,0.8,4,wind_u,2.2051425895305594,1.118448090473008
LSTM,0.8,4,wind_v,2.733963622789993,1.2338200129242458
Latent ODE,0.8,4,water_level,0.26310565156301935,0.4078039910076241
Latent ODE,0.8,4,air_temp,2.437431408667976,1.1384136503402245
Latent ODE,0.8,4,water_temp,1.0281061180375537,0.8177561196215709
Latent ODE,0.8,4,air_pressure,6.3023452286934845,1.8488692863075482
Latent ODE,0.8,4,wind_u,2.500246272745357,1.210101179000906
Latent ODE,0.8,4,wind_v,3.5514219329011962,1.481992872475775
